timestamp,current_replicas,desired_replicas,cpu_percent,pods_ready,total_pod_cpu_m
08:14:21,1,1,2,1,2
08:14:26,1,1,2,1,2
08:14:32,1,1,2,1,2
08:14:38,1,1,2,1,2
08:14:44,1,1,2,1,2
08:14:50,1,1,2,1,2
08:14:56,1,1,2,1,22
08:15:02,1,1,22,1,22
08:15:08,1,1,22,1,33
08:15:14,1,1,33,1,33
08:15:20,1,1,33,1,33
08:15:26,1,1,33,1,33
08:15:31,1,1,33,1,33
08:15:37,1,1,33,1,31
08:15:43,1,1,31,1,31
08:15:49,1,1,31,1,31
08:15:55,1,1,31,1,32
08:16:00,1,1,32,1,32
08:16:06,1,1,32,1,31
08:16:12,1,1,31,1,31
08:16:18,1,1,31,1,31
08:16:24,1,1,31,1,33
08:16:30,1,1,33,1,33
08:16:36,1,1,33,1,32
08:16:41,1,1,32,1,32
08:16:48,1,1,32,1,32
08:16:54,1,1,32,1,36
08:17:00,1,1,36,1,36
08:17:05,1,1,36,1,37
08:17:11,1,1,37,1,37
08:17:18,1,1,37,1,37
08:17:24,1,1,37,1,37
08:17:30,1,1,37,1,37
08:17:36,1,1,37,1,39
08:17:42,1,1,39,1,39
08:17:49,1,1,39,1,67
08:17:55,1,2,67,1,67
08:18:02,1,2,67,1,67
08:18:08,1,2,67,2,294
08:18:14,2,3,294,2,294
08:18:20,2,3,294,3,599
08:18:27,3,4,313,3,599
08:18:33,3,4,313,4,858
08:18:39,4,5,286,4,858
08:18:50,4,5,286,4,973
08:18:57,5,5,243,4,973
08:19:04,5,5,243,5,916
08:19:10,5,5,207,5,916
08:19:16,5,5,207,5,916
08:19:22,5,5,207,5,1345
08:19:29,5,5,279,5,1345
08:19:35,5,5,279,5,1488
08:19:41,5,5,297,5,1488
08:19:48,5,5,297,5,1499
08:19:54,5,5,299,5,1499
08:20:00,5,5,299,5,1499
08:20:07,5,5,299,5,1504
08:20:13,5,5,300,5,1504
08:20:19,5,5,300,5,1488
08:20:25,5,5,297,5,1488
08:20:31,5,5,297,5,1494
08:20:38,5,5,297,5,1494
08:20:44,5,5,298,5,1494
08:20:50,5,5,298,5,1460
08:20:56,5,5,292,5,1460
08:21:03,5,5,292,5,1488
08:21:09,5,5,297,5,1488
08:21:16,5,5,297,5,1482
08:21:21,5,5,297,5,1482
08:21:27,5,5,296,5,1482
08:21:34,5,5,296,5,1527
08:21:40,5,5,305,5,1527
08:21:46,5,5,305,5,1451
08:21:52,5,5,290,5,1451
08:21:59,5,5,290,5,1451
08:22:05,5,5,290,5,1442
08:22:11,5,5,288,5,1442
08:22:17,5,5,288,5,1425
08:22:23,5,5,285,5,1425
08:22:29,5,5,285,5,1457
08:22:35,5,5,285,5,1457
08:22:41,5,5,291,5,1457
08:22:47,5,5,291,5,819
08:22:53,5,5,163,5,819
08:22:59,5,5,163,5,819
08:23:05,5,5,163,5,220
08:23:11,5,5,44,5,220
08:23:17,5,5,44,5,39
08:23:22,5,5,7,5,39
08:23:28,5,5,7,5,39
08:23:34,5,5,7,5,38
08:23:40,5,5,7,5,38
08:23:46,5,5,7,5,39
08:23:52,5,5,7,5,39
08:23:57,5,5,7,5,39
08:24:03,5,5,7,5,37
08:24:09,5,5,7,5,37
08:24:15,5,5,7,5,44
08:24:21,5,4,8,4,44
08:24:27,5,4,8,4,35
08:24:33,5,4,8,4,30
08:24:38,4,4,7,4,30
08:24:44,4,4,7,4,38
08:24:50,4,4,7,3,38
08:24:56,4,3,9,3,29
08:25:02,4,3,9,3,29
08:25:08,3,3,9,3,29
08:25:14,3,3,9,3,36
08:25:20,3,3,9,3,36
08:25:26,3,2,12,2,24
08:25:32,3,2,12,2,25
08:25:37,2,2,12,2,25
08:25:43,2,2,12,2,30
08:25:49,2,2,12,2,30
08:25:55,2,1,15,1,16
08:26:01,2,1,15,1,18
08:26:06,1,1,18,1,18
08:26:12,1,1,18,1,30
08:26:19,1,1,18,1,30
08:26:25,1,1,30,1,30
08:26:30,1,1,30,1,37
08:26:35,1,1,37,1,37
08:26:41,1,1,37,1,37
08:26:46,1,1,37,1,22
08:26:52,1,1,22,1,22
08:26:58,1,1,22,1,20
08:27:03,1,1,22,1,20
08:27:08,1,1,20,1,20
08:27:14,1,1,20,1,21
08:27:19,1,1,21,1,21
08:27:25,1,1,21,1,21
08:27:31,1,1,21,1,21
08:27:36,1,1,21,1,21
08:27:41,1,1,21,1,21
08:27:47,1,1,21,1,21
08:27:53,1,1,21,1,21
08:27:58,1,1,21,1,1
08:28:04,1,1,1,1,1
08:28:09,1,1,1,1,1
